Image,target
96.jpg,manipuri
163.jpg,bharatanatyam
450.jpg,odissi
219.jpg,kathakali
455.jpg,odissi
46.jpg,kathak
326.jpg,sattriya
408.jpg,kuchipudi
365.jpg,sattriya
422.jpg,kuchipudi
397.jpg,kuchipudi
400.jpg,kuchipudi
32.jpg,kathak
350.jpg,sattriya
234.jpg,kathakali
492.jpg,odissi
333.jpg,sattriya
376.jpg,kuchipudi
103.jpg,manipuri
39.jpg,kathak
87.jpg,manipuri
155.jpg,bharatanatyam
388.jpg,kuchipudi
384.jpg,kuchipudi
248.jpg,mohiniyattam
494.jpg,odissi
47.jpg,kathak
488.jpg,odissi
462.jpg,odissi
347.jpg,sattriya
242.jpg,kathakali
16.jpg,kathak
178.jpg,kathakali
348.jpg,sattriya
164.jpg,bharatanatyam
2.jpg,kathak
141.jpg,bharatanatyam
187.jpg,kathakali
464.jpg,odissi
472.jpg,odissi
489.jpg,odissi
387.jpg,kuchipudi
109.jpg,manipuri
255.jpg,mohiniyattam
274.jpg,mohiniyattam
509.jpg,odissi
19.jpg,kathak
102.jpg,manipuri
24.jpg,kathak
294.jpg,mohiniyattam
501.jpg,odissi
335.jpg,sattriya
321.jpg,sattriya
480.jpg,odissi
393.jpg,kuchipudi
344.jpg,sattriya
259.jpg,mohiniyattam
76.jpg,manipuri
343.jpg,sattriya
4.jpg,kathak
486.jpg,odissi
361.jpg,sattriya
90.jpg,manipuri
231.jpg,kathakali
331.jpg,sattriya
243.jpg,kathakali
104.jpg,manipuri
113.jpg,bharatanatyam
21.jpg,kathak
15.jpg,kathak
370.jpg,sattriya
124.jpg,bharatanatyam
241.jpg,kathakali
56.jpg,kathak
296.jpg,mohiniyattam
81.jpg,manipuri
29.jpg,kathak
423.jpg,kuchipudi
445.jpg,odissi
406.jpg,kuchipudi
116.jpg,bharatanatyam
407.jpg,kuchipudi
118.jpg,bharatanatyam
367.jpg,sattriya
30.jpg,kathak
395.jpg,kuchipudi
265.jpg,mohiniyattam
73.jpg,manipuri
277.jpg,mohiniyattam
122.jpg,bharatanatyam
516.jpg,odissi
377.jpg,kuchipudi
513.jpg,odissi
405.jpg,kuchipudi
172.jpg,bharatanatyam
299.jpg,mohiniyattam
149.jpg,bharatanatyam
165.jpg,bharatanatyam
371.jpg,sattriya
18.jpg,kathak
213.jpg,kathakali
303.jpg,mohiniyattam
353.jpg,sattriya
135.jpg,bharatanatyam
481.jpg,odissi
3.jpg,kathak
329.jpg,sattriya
345.jpg,sattriya
443.jpg,kuchipudi
504.jpg,odissi
12.jpg,kathak
74.jpg,manipuri
185.jpg,kathakali
161.jpg,bharatanatyam
309.jpg,mohiniyattam
205.jpg,kathakali
379.jpg,kuchipudi
82.jpg,manipuri
276.jpg,mohiniyattam
154.jpg,bharatanatyam
254.jpg,mohiniyattam
26.jpg,kathak
181.jpg,kathakali
425.jpg,kuchipudi
131.jpg,bharatanatyam
272.jpg,mohiniyattam
117.jpg,bharatanatyam
252.jpg,mohiniyattam
180.jpg,kathakali
142.jpg,bharatanatyam
261.jpg,mohiniyattam
136.jpg,bharatanatyam
85.jpg,manipuri
88.jpg,manipuri
372.jpg,sattriya
279.jpg,mohiniyattam
313.jpg,sattriya
159.jpg,bharatanatyam
483.jpg,odissi
262.jpg,mohiniyattam
519.jpg,odissi
308.jpg,mohiniyattam
211.jpg,kathakali
497.jpg,odissi
325.jpg,sattriya
169.jpg,bharatanatyam
244.jpg,mohiniyattam
474.jpg,odissi
322.jpg,sattriya
94.jpg,manipuri
314.jpg,sattriya
356.jpg,sattriya
22.jpg,kathak
512.jpg,odissi
182.jpg,kathakali
156.jpg,bharatanatyam
289.jpg,mohiniyattam
25.jpg,kathak
436.jpg,kuchipudi
93.jpg,manipuri
336.jpg,sattriya
225.jpg,kathakali
298.jpg,mohiniyattam
214.jpg,kathakali
27.jpg,kathak
342.jpg,sattriya
273.jpg,mohiniyattam
133.jpg,bharatanatyam
168.jpg,bharatanatyam
409.jpg,kuchipudi
459.jpg,odissi
31.jpg,kathak
468.jpg,odissi
434.jpg,kuchipudi
312.jpg,mohiniyattam
383.jpg,kuchipudi
476.jpg,odissi
334.jpg,sattriya
151.jpg,bharatanatyam
166.jpg,bharatanatyam
227.jpg,kathakali
471.jpg,odissi
267.jpg,mohiniyattam
100.jpg,manipuri
446.jpg,odissi
208.jpg,kathakali
293.jpg,mohiniyattam
297.jpg,mohiniyattam
412.jpg,kuchipudi
58.jpg,kathak
288.jpg,mohiniyattam
105.jpg,manipuri
477.jpg,odissi
502.jpg,odissi
418.jpg,kuchipudi
233.jpg,kathakali
134.jpg,bharatanatyam
197.jpg,kathakali
245.jpg,mohiniyattam
176.jpg,bharatanatyam
203.jpg,kathakali
247.jpg,mohiniyattam
493.jpg,odissi
68.jpg,manipuri
442.jpg,kuchipudi
115.jpg,bharatanatyam
357.jpg,sattriya
389.jpg,kuchipudi
218.jpg,kathakali
263.jpg,mohiniyattam
184.jpg,kathakali
315.jpg,sattriya
295.jpg,mohiniyattam
42.jpg,kathak
427.jpg,kuchipudi
287.jpg,mohiniyattam
430.jpg,kuchipudi
359.jpg,sattriya
249.jpg,mohiniyattam
54.jpg,kathak
305.jpg,mohiniyattam
319.jpg,sattriya
496.jpg,odissi
60.jpg,kathak
37.jpg,kathak
192.jpg,kathakali
304.jpg,mohiniyattam
258.jpg,mohiniyattam
364.jpg,sattriya
49.jpg,kathak
144.jpg,bharatanatyam
7.jpg,kathak
98.jpg,manipuri
223.jpg,kathakali
320.jpg,sattriya
70.jpg,manipuri
426.jpg,kuchipudi
84.jpg,manipuri
44.jpg,kathak
177.jpg,bharatanatyam
50.jpg,kathak
417.jpg,kuchipudi
191.jpg,kathakali
221.jpg,kathakali
500.jpg,odissi
428.jpg,kuchipudi
137.jpg,bharatanatyam
195.jpg,kathakali
413.jpg,kuchipudi
228.jpg,kathakali
478.jpg,odissi
123.jpg,bharatanatyam
369.jpg,sattriya
328.jpg,sattriya
1.jpg,kathak
126.jpg,bharatanatyam
503.jpg,odissi
352.jpg,sattriya
120.jpg,bharatanatyam
452.jpg,odissi
339.jpg,sattriya
266.jpg,mohiniyattam
201.jpg,kathakali
229.jpg,kathakali
402.jpg,kuchipudi
381.jpg,kuchipudi
449.jpg,odissi
107.jpg,manipuri
444.jpg,odissi
327.jpg,sattriya
8.jpg,kathak
451.jpg,odissi
77.jpg,manipuri
148.jpg,bharatanatyam
399.jpg,kuchipudi
130.jpg,bharatanatyam
362.jpg,sattriya
310.jpg,mohiniyattam
79.jpg,manipuri
127.jpg,bharatanatyam
237.jpg,kathakali
257.jpg,mohiniyattam
160.jpg,bharatanatyam
52.jpg,kathak
190.jpg,kathakali
382.jpg,kuchipudi
143.jpg,bharatanatyam
199.jpg,kathakali
282.jpg,mohiniyattam
207.jpg,kathakali
403.jpg,kuchipudi
337.jpg,sattriya
355.jpg,sattriya
251.jpg,mohiniyattam
188.jpg,kathakali
338.jpg,sattriya
341.jpg,sattriya
433.jpg,kuchipudi
69.jpg,manipuri
236.jpg,kathakali
106.jpg,manipuri
99.jpg,manipuri
179.jpg,kathakali
204.jpg,kathakali
300.jpg,mohiniyattam
432.jpg,kuchipudi
490.jpg,odissi
368.jpg,sattriya
153.jpg,bharatanatyam
174.jpg,bharatanatyam
51.jpg,kathak
62.jpg,kathak
420.jpg,kuchipudi
75.jpg,manipuri
230.jpg,kathakali
307.jpg,mohiniyattam
212.jpg,kathakali
209.jpg,kathakali
415.jpg,kuchipudi
491.jpg,odissi
453.jpg,odissi
351.jpg,sattriya
111.jpg,manipuri
391.jpg,kuchipudi
515.jpg,odissi
65.jpg,kathak
240.jpg,kathakali
91.jpg,manipuri
222.jpg,kathakali
53.jpg,kathak
158.jpg,bharatanatyam
475.jpg,odissi
121.jpg,bharatanatyam
396.jpg,kuchipudi
63.jpg,kathak
268.jpg,mohiniyattam
78.jpg,manipuri
167.jpg,bharatanatyam
250.jpg,mohiniyattam
454.jpg,odissi
186.jpg,kathakali
499.jpg,odissi
101.jpg,manipuri
435.jpg,kuchipudi
469.jpg,odissi
139.jpg,bharatanatyam
83.jpg,manipuri
43.jpg,kathak
281.jpg,mohiniyattam
36.jpg,kathak
419.jpg,kuchipudi
66.jpg,kathak
260.jpg,mohiniyattam
466.jpg,odissi
140.jpg,bharatanatyam
5.jpg,kathak
10.jpg,kathak
235.jpg,kathakali
511.jpg,odissi
72.jpg,manipuri
253.jpg,mohiniyattam
404.jpg,kuchipudi
89.jpg,manipuri
311.jpg,mohiniyattam
