ID,Class
5,drilling
7,gun_shot
8,drilling
9,dog_bark
13,street_music
14,jackhammer
16,air_conditioner
21,street_music
23,dog_bark
25,drilling
28,air_conditioner
29,car_horn
30,dog_bark
31,engine_idling
34,street_music
39,air_conditioner
41,dog_bark
51,drilling
53,drilling
55,engine_idling
58,air_conditioner
62,children_playing
64,siren
69,street_music
70,street_music
73,gun_shot
75,engine_idling
85,air_conditioner
86,street_music
89,car_horn
94,engine_idling
95,dog_bark
96,drilling
98,engine_idling
102,siren
106,siren
107,air_conditioner
108,car_horn
109,drilling
110,street_music
111,street_music
112,street_music
115,street_music
122,air_conditioner
124,drilling
126,siren
127,air_conditioner
129,children_playing
133,jackhammer
141,street_music
143,street_music
144,street_music
145,air_conditioner
147,drilling
150,engine_idling
151,drilling
154,siren
155,drilling
156,air_conditioner
157,street_music
158,street_music
161,gun_shot
166,air_conditioner
169,air_conditioner
173,jackhammer
177,siren
180,air_conditioner
181,gun_shot
183,siren
190,drilling
191,dog_bark
194,air_conditioner
195,siren
198,car_horn
199,gun_shot
201,street_music
203,children_playing
204,air_conditioner
205,dog_bark
206,street_music
207,air_conditioner
209,drilling
210,gun_shot
220,air_conditioner
225,car_horn
231,children_playing
234,drilling
237,air_conditioner
238,gun_shot
240,dog_bark
241,gun_shot
243,gun_shot
244,jackhammer
254,dog_bark
256,siren
257,jackhammer
259,air_conditioner
262,air_conditioner
265,air_conditioner
266,siren
267,drilling
273,jackhammer
274,street_music
279,drilling
281,dog_bark
283,siren
284,street_music
287,drilling
289,engine_idling
290,dog_bark
291,siren
292,engine_idling
293,street_music
294,drilling
296,car_horn
297,siren
298,siren
302,drilling
320,siren
321,car_horn
325,air_conditioner
340,children_playing
341,dog_bark
344,street_music
345,gun_shot
362,children_playing
373,gun_shot
375,dog_bark
379,gun_shot
384,engine_idling
387,drilling
389,gun_shot
390,air_conditioner
393,air_conditioner
398,air_conditioner
399,children_playing
403,air_conditioner
404,siren
405,street_music
409,dog_bark
415,jackhammer
416,siren
420,engine_idling
421,street_music
422,street_music
424,dog_bark
431,siren
432,air_conditioner
433,gun_shot
434,air_conditioner
439,street_music
441,jackhammer
443,street_music
448,air_conditioner
451,car_horn
458,air_conditioner
460,gun_shot
463,drilling
465,engine_idling
466,dog_bark
469,air_conditioner
476,dog_bark
478,street_music
481,drilling
483,street_music
487,siren
490,gun_shot
492,siren
494,drilling
496,air_conditioner
499,children_playing
502,children_playing
503,drilling
504,street_music
505,children_playing
508,gun_shot
510,jackhammer
514,gun_shot
517,air_conditioner
518,air_conditioner
521,gun_shot
526,children_playing
529,air_conditioner
530,street_music
531,engine_idling
535,car_horn
536,street_music
539,drilling
541,engine_idling
545,street_music
546,car_horn
548,drilling
550,gun_shot
552,air_conditioner
553,siren
558,engine_idling
563,air_conditioner
574,drilling
577,dog_bark
581,dog_bark
582,street_music
588,street_music
591,air_conditioner
592,air_conditioner
595,car_horn
596,gun_shot
601,drilling
602,street_music
608,jackhammer
609,street_music
616,siren
617,air_conditioner
618,drilling
625,dog_bark
626,air_conditioner
627,car_horn
628,air_conditioner
632,children_playing
634,drilling
637,air_conditioner
638,siren
640,drilling
641,siren
644,siren
647,car_horn
649,car_horn
650,siren
653,air_conditioner
667,gun_shot
668,gun_shot
672,air_conditioner
674,siren
675,air_conditioner
678,drilling
680,jackhammer
681,gun_shot
682,dog_bark
696,car_horn
700,drilling
701,drilling
706,dog_bark
707,jackhammer
708,car_horn
711,dog_bark
715,siren
718,drilling
723,engine_idling
725,dog_bark
731,air_conditioner
736,dog_bark
741,car_horn
743,engine_idling
745,children_playing
747,car_horn
756,drilling
759,drilling
762,gun_shot
763,jackhammer
767,jackhammer
768,siren
769,car_horn
774,engine_idling
775,siren
777,street_music
779,dog_bark
781,dog_bark
782,jackhammer
786,gun_shot
788,dog_bark
789,air_conditioner
793,drilling
795,air_conditioner
797,car_horn
800,engine_idling
805,air_conditioner
806,air_conditioner
808,car_horn
814,air_conditioner
815,dog_bark
818,air_conditioner
822,drilling
823,children_playing
827,drilling
828,drilling
831,drilling
836,jackhammer
837,air_conditioner
842,children_playing
846,gun_shot
847,children_playing
852,siren
856,drilling
861,street_music
862,air_conditioner
866,street_music
873,jackhammer
877,siren
879,engine_idling
880,car_horn
888,air_conditioner
890,dog_bark
895,air_conditioner
897,street_music
902,street_music
903,engine_idling
908,engine_idling
909,street_music
910,gun_shot
917,street_music
918,siren
920,siren
924,gun_shot
931,street_music
934,street_music
935,drilling
936,dog_bark
939,air_conditioner
940,street_music
942,air_conditioner
944,children_playing
947,gun_shot
949,air_conditioner
950,car_horn
958,engine_idling
960,street_music
961,air_conditioner
962,drilling
966,siren
967,street_music
968,dog_bark
969,air_conditioner
970,street_music
974,air_conditioner
976,siren
981,car_horn
982,jackhammer
983,drilling
984,siren
988,air_conditioner
989,dog_bark
992,street_music
993,jackhammer
994,siren
997,engine_idling
998,street_music
999,drilling
1002,car_horn
1005,children_playing
1009,children_playing
1010,dog_bark
1011,siren
1012,gun_shot
1013,drilling
1016,air_conditioner
1019,air_conditioner
1020,car_horn
1023,street_music
1031,engine_idling
1033,drilling
1035,siren
1037,car_horn
1039,street_music
1041,drilling
1046,air_conditioner
1050,dog_bark
1053,air_conditioner
1057,street_music
1060,car_horn
1064,drilling
1065,engine_idling
1067,drilling
1073,gun_shot
1075,jackhammer
1081,siren
1084,street_music
1086,street_music
1093,gun_shot
1094,street_music
1095,drilling
1097,gun_shot
1099,jackhammer
1101,air_conditioner
1102,car_horn
1103,air_conditioner
1104,engine_idling
1107,street_music
1108,air_conditioner
1109,street_music
1110,drilling
1111,air_conditioner
1114,gun_shot
1117,children_playing
1121,drilling
1122,engine_idling
1123,jackhammer
1124,dog_bark
1125,air_conditioner
1127,air_conditioner
1128,gun_shot
1130,siren
1132,street_music
1135,air_conditioner
1136,street_music
1138,drilling
1140,children_playing
1141,air_conditioner
1142,drilling
1144,jackhammer
1146,street_music
1153,air_conditioner
1154,dog_bark
1155,drilling
1159,siren
1161,air_conditioner
1163,gun_shot
1164,engine_idling
1165,jackhammer
1166,air_conditioner
1167,street_music
1169,drilling
1170,engine_idling
1171,jackhammer
1172,engine_idling
1173,jackhammer
1177,drilling
1178,dog_bark
1179,jackhammer
1184,air_conditioner
1185,street_music
1190,siren
1192,street_music
1193,car_horn
1194,drilling
1196,street_music
1197,siren
1198,dog_bark
1199,siren
1201,siren
1202,gun_shot
1204,gun_shot
1207,gun_shot
1208,gun_shot
1211,street_music
1212,gun_shot
1213,street_music
1215,street_music
1216,children_playing
1221,air_conditioner
1222,air_conditioner
1223,gun_shot
1225,children_playing
1227,gun_shot
1229,children_playing
1233,dog_bark
1234,street_music
1238,dog_bark
1239,street_music
1247,siren
1249,air_conditioner
1250,gun_shot
1253,street_music
1254,car_horn
1258,car_horn
1260,engine_idling
1263,car_horn
1264,drilling
1266,car_horn
1268,dog_bark
1274,street_music
1280,street_music
1281,drilling
1282,engine_idling
1283,car_horn
1284,street_music
1285,air_conditioner
1288,street_music
1290,children_playing
1291,drilling
1293,car_horn
1299,dog_bark
1304,car_horn
1307,air_conditioner
1309,air_conditioner
1313,car_horn
1315,air_conditioner
1320,dog_bark
1324,siren
1325,children_playing
1331,drilling
1333,street_music
1336,car_horn
1340,street_music
1342,siren
1343,drilling
1344,air_conditioner
1348,street_music
1354,street_music
1359,air_conditioner
1360,engine_idling
1362,dog_bark
1364,siren
1369,gun_shot
1372,engine_idling
1373,air_conditioner
1374,street_music
1375,siren
1376,engine_idling
1379,drilling
1382,drilling
1383,gun_shot
1387,drilling
1389,drilling
1391,siren
1392,gun_shot
1395,dog_bark
1397,air_conditioner
1401,air_conditioner
1402,gun_shot
1403,drilling
1406,dog_bark
1407,street_music
1408,dog_bark
1410,children_playing
1411,air_conditioner
1413,engine_idling
1416,drilling
1420,siren
1421,drilling
1422,drilling
1424,jackhammer
1426,drilling
1427,street_music
1429,car_horn
1430,dog_bark
1433,siren
1434,children_playing
1438,air_conditioner
1439,street_music
1440,engine_idling
1441,jackhammer
1442,air_conditioner
1443,air_conditioner
1445,siren
1451,air_conditioner
1453,air_conditioner
1455,drilling
1456,gun_shot
1457,air_conditioner
1463,car_horn
1464,gun_shot
1465,drilling
1466,street_music
1474,car_horn
1476,gun_shot
1482,car_horn
1484,engine_idling
1486,dog_bark
1487,siren
1490,siren
1494,air_conditioner
1495,jackhammer
1499,siren
1504,engine_idling
1505,car_horn
1507,dog_bark
1509,drilling
1513,gun_shot
1514,dog_bark
1519,air_conditioner
1522,jackhammer
1524,air_conditioner
1526,air_conditioner
1533,engine_idling
1535,street_music
1538,car_horn
1539,car_horn
1541,gun_shot
1543,drilling
1544,jackhammer
1545,drilling
1553,street_music
1557,drilling
1559,gun_shot
1566,street_music
1568,gun_shot
1572,siren
1575,siren
1576,drilling
1577,air_conditioner
1580,air_conditioner
1582,air_conditioner
1583,car_horn
1585,engine_idling
1587,street_music
1590,air_conditioner
1592,jackhammer
1594,car_horn
1595,children_playing
1596,dog_bark
1600,engine_idling
1609,children_playing
1610,children_playing
1611,dog_bark
1617,gun_shot
1619,street_music
1620,dog_bark
1622,street_music
1624,street_music
1625,siren
1627,drilling
1631,siren
1637,gun_shot
1638,gun_shot
1641,dog_bark
1642,engine_idling
1643,siren
1644,air_conditioner
1645,children_playing
1646,drilling
1650,children_playing
1654,drilling
1655,dog_bark
1657,engine_idling
1658,dog_bark
1659,engine_idling
1662,dog_bark
1665,street_music
1668,car_horn
1670,siren
1671,dog_bark
1676,engine_idling
1682,gun_shot
1683,siren
1684,engine_idling
1685,siren
1691,gun_shot
1692,engine_idling
1693,siren
1694,siren
1696,dog_bark
1698,dog_bark
1700,gun_shot
1707,children_playing
1710,street_music
1712,street_music
1717,air_conditioner
1721,jackhammer
1723,air_conditioner
1726,siren
1732,dog_bark
1733,air_conditioner
1735,drilling
1740,street_music
1742,gun_shot
1743,street_music
1747,siren
1752,street_music
1753,air_conditioner
1756,air_conditioner
1757,air_conditioner
1758,air_conditioner
1759,street_music
1762,gun_shot
1764,siren
1770,gun_shot
1772,dog_bark
1775,siren
1778,children_playing
1781,street_music
1784,gun_shot
1785,engine_idling
1788,children_playing
1790,drilling
1793,drilling
1797,siren
1798,car_horn
1799,car_horn
1804,dog_bark
1810,car_horn
1811,street_music
1814,air_conditioner
1815,engine_idling
1821,street_music
1823,street_music
1824,air_conditioner
1833,drilling
1835,dog_bark
1838,siren
1844,dog_bark
1845,jackhammer
1846,air_conditioner
1851,drilling
1852,engine_idling
1855,air_conditioner
1857,air_conditioner
1859,air_conditioner
1860,siren
1861,drilling
1862,street_music
1865,engine_idling
1875,car_horn
1878,siren
1880,jackhammer
1882,street_music
1884,siren
1885,siren
1887,dog_bark
1888,drilling
1900,siren
1902,siren
1903,children_playing
1905,siren
1906,gun_shot
1907,siren
1909,air_conditioner
1911,gun_shot
1912,engine_idling
1915,jackhammer
1920,gun_shot
1926,gun_shot
1928,air_conditioner
1930,gun_shot
1931,air_conditioner
1934,children_playing
1939,siren
1942,air_conditioner
1951,drilling
1953,air_conditioner
1954,street_music
1955,siren
1959,air_conditioner
1961,car_horn
1962,engine_idling
1964,dog_bark
1965,air_conditioner
1969,drilling
1972,drilling
1975,street_music
1979,jackhammer
1981,street_music
1983,air_conditioner
1984,children_playing
1985,drilling
1989,air_conditioner
1990,air_conditioner
1993,street_music
1995,drilling
1998,children_playing
2003,engine_idling
2005,drilling
2006,air_conditioner
2007,dog_bark
2011,dog_bark
2012,drilling
2014,siren
2015,air_conditioner
2021,jackhammer
2024,engine_idling
2027,siren
2030,street_music
2032,street_music
2034,drilling
2035,dog_bark
2039,children_playing
2041,dog_bark
2044,children_playing
2046,drilling
2052,children_playing
2053,street_music
2058,gun_shot
2059,gun_shot
2060,drilling
2061,gun_shot
2062,gun_shot
2065,engine_idling
2068,air_conditioner
2069,gun_shot
2071,street_music
2074,street_music
2075,engine_idling
2076,engine_idling
2079,gun_shot
2085,jackhammer
2086,air_conditioner
2088,gun_shot
2092,street_music
2093,siren
2097,siren
2100,street_music
2109,air_conditioner
2110,children_playing
2111,air_conditioner
2112,siren
2114,jackhammer
2115,engine_idling
2118,jackhammer
2119,siren
2120,drilling
2128,drilling
2131,dog_bark
2136,engine_idling
2137,air_conditioner
2143,jackhammer
2146,children_playing
2147,engine_idling
2151,jackhammer
2153,gun_shot
2155,drilling
2158,car_horn
2159,air_conditioner
2161,gun_shot
2164,dog_bark
2165,drilling
2166,jackhammer
2167,jackhammer
2172,street_music
2175,air_conditioner
2176,street_music
2177,air_conditioner
2178,air_conditioner
2181,dog_bark
2183,dog_bark
2187,jackhammer
2189,air_conditioner
2202,dog_bark
2203,engine_idling
2207,gun_shot
2208,drilling
2211,gun_shot
2213,street_music
2214,siren
2215,street_music
2221,drilling
2222,siren
2223,car_horn
2231,jackhammer
2232,street_music
2234,street_music
2239,car_horn
2242,drilling
2243,air_conditioner
2245,dog_bark
2248,drilling
2255,street_music
2257,engine_idling
2261,children_playing
2263,drilling
2266,street_music
2267,dog_bark
2268,siren
2270,siren
2271,children_playing
2272,street_music
2274,street_music
2276,engine_idling
2280,dog_bark
2281,gun_shot
2283,siren
2284,air_conditioner
2285,air_conditioner
2286,siren
2288,siren
2289,dog_bark
2292,siren
2294,air_conditioner
2296,engine_idling
2298,jackhammer
2305,drilling
2311,gun_shot
2315,dog_bark
2316,gun_shot
2317,gun_shot
2320,gun_shot
2321,air_conditioner
2322,siren
2325,street_music
2326,street_music
2328,siren
2331,street_music
2334,car_horn
2336,drilling
2337,street_music
2341,street_music
2342,gun_shot
2346,siren
2348,gun_shot
2350,children_playing
2352,street_music
2355,dog_bark
2356,street_music
2357,street_music
2359,engine_idling
2361,gun_shot
2362,drilling
2365,siren
2367,drilling
2370,air_conditioner
2374,engine_idling
2375,car_horn
2376,street_music
2377,siren
2381,drilling
2383,gun_shot
2385,gun_shot
2387,air_conditioner
2391,engine_idling
2392,gun_shot
2393,air_conditioner
2396,drilling
2397,gun_shot
2399,engine_idling
2400,gun_shot
2406,dog_bark
2407,drilling
2409,air_conditioner
2417,dog_bark
2422,children_playing
2423,gun_shot
2426,dog_bark
2429,drilling
2431,jackhammer
2434,drilling
2435,dog_bark
2436,siren
2437,engine_idling
2440,air_conditioner
2442,siren
2451,gun_shot
2457,air_conditioner
2459,engine_idling
2467,gun_shot
2469,children_playing
2471,drilling
2472,dog_bark
2475,engine_idling
2476,street_music
2481,gun_shot
2482,air_conditioner
2483,gun_shot
2486,drilling
2490,air_conditioner
2491,car_horn
2492,street_music
2495,dog_bark
2496,gun_shot
2500,jackhammer
2502,children_playing
2504,car_horn
2508,air_conditioner
2514,gun_shot
2518,dog_bark
2519,car_horn
2520,children_playing
2521,air_conditioner
2522,gun_shot
2525,jackhammer
2527,children_playing
2528,street_music
2530,street_music
2533,street_music
2535,drilling
2537,street_music
2540,jackhammer
2546,drilling
2551,gun_shot
2554,gun_shot
2556,street_music
2559,dog_bark
2561,air_conditioner
2562,street_music
2563,siren
2565,car_horn
2566,air_conditioner
2579,air_conditioner
2583,dog_bark
2589,siren
2590,siren
2591,air_conditioner
2599,jackhammer
2602,jackhammer
2606,air_conditioner
2609,gun_shot
2611,siren
2615,street_music
2617,jackhammer
2618,jackhammer
2621,drilling
2622,street_music
2626,drilling
2627,air_conditioner
2628,engine_idling
2629,gun_shot
2630,siren
2631,jackhammer
2633,air_conditioner
2635,street_music
2638,dog_bark
2642,car_horn
2643,street_music
2649,air_conditioner
2654,car_horn
2655,children_playing
2656,gun_shot
2660,street_music
2663,engine_idling
2667,air_conditioner
2670,dog_bark
2672,drilling
2673,air_conditioner
2675,drilling
2681,siren
2683,drilling
2688,siren
2692,air_conditioner
2693,children_playing
2694,jackhammer
2696,gun_shot
2698,car_horn
2701,street_music
2704,engine_idling
2708,siren
2712,street_music
2715,air_conditioner
2716,car_horn
2719,drilling
2720,dog_bark
2724,engine_idling
2727,children_playing
2729,engine_idling
2731,air_conditioner
2734,street_music
2735,drilling
2737,engine_idling
2742,drilling
2743,siren
2745,car_horn
2748,dog_bark
2749,gun_shot
2753,dog_bark
2755,engine_idling
2758,drilling
2759,drilling
2761,siren
2762,drilling
2767,street_music
2768,car_horn
2772,engine_idling
2777,children_playing
2778,street_music
2782,dog_bark
2786,siren
2793,air_conditioner
2796,drilling
2798,gun_shot
2799,air_conditioner
2803,street_music
2804,gun_shot
2806,car_horn
2809,street_music
2810,car_horn
2812,air_conditioner
2814,air_conditioner
2816,street_music
2817,street_music
2818,gun_shot
2820,gun_shot
2822,air_conditioner
2823,siren
2826,engine_idling
2827,gun_shot
2833,air_conditioner
2834,engine_idling
2838,car_horn
2839,siren
2841,siren
2843,air_conditioner
2844,jackhammer
2845,siren
2847,engine_idling
2848,air_conditioner
2852,siren
2853,dog_bark
2856,air_conditioner
2859,children_playing
2860,dog_bark
2861,dog_bark
2866,siren
2867,drilling
2868,dog_bark
2874,street_music
2876,engine_idling
2877,street_music
2879,street_music
2880,jackhammer
2882,dog_bark
2883,air_conditioner
2885,jackhammer
2886,engine_idling
2888,car_horn
2893,engine_idling
2894,children_playing
2895,dog_bark
2897,engine_idling
2904,street_music
2905,dog_bark
2906,street_music
2908,gun_shot
2916,siren
2919,drilling
2923,air_conditioner
2937,drilling
2938,children_playing
2941,jackhammer
2947,street_music
2948,street_music
2949,gun_shot
2952,air_conditioner
2953,jackhammer
2958,engine_idling
2964,gun_shot
2965,air_conditioner
2967,engine_idling
2968,siren
2970,gun_shot
2973,dog_bark
2975,siren
2977,car_horn
2978,air_conditioner
2979,children_playing
2981,siren
2985,siren
2990,jackhammer
2999,dog_bark
3000,street_music
3002,dog_bark
3005,street_music
3007,engine_idling
3009,car_horn
3010,dog_bark
3015,street_music
3017,air_conditioner
3019,street_music
3022,engine_idling
3023,siren
3025,drilling
3028,dog_bark
3029,dog_bark
3031,street_music
3035,children_playing
3039,car_horn
3040,dog_bark
3041,street_music
3043,street_music
3044,engine_idling
3045,drilling
3047,siren
3048,jackhammer
3049,engine_idling
3053,siren
3057,children_playing
3058,drilling
3059,gun_shot
3064,air_conditioner
3065,children_playing
3067,dog_bark
3072,street_music
3073,drilling
3076,engine_idling
3079,children_playing
3080,siren
3083,street_music
3084,engine_idling
3086,street_music
3088,air_conditioner
3090,car_horn
3093,street_music
3100,engine_idling
3106,dog_bark
3107,car_horn
3109,engine_idling
3111,air_conditioner
3113,engine_idling
3114,dog_bark
3116,gun_shot
3119,jackhammer
3122,dog_bark
3124,gun_shot
3129,engine_idling
3132,children_playing
3134,gun_shot
3137,street_music
3139,street_music
3141,children_playing
3142,air_conditioner
3145,street_music
3149,street_music
3158,engine_idling
3166,dog_bark
3173,dog_bark
3174,gun_shot
3175,siren
3181,dog_bark
3183,siren
3184,siren
3193,siren
3198,siren
3201,street_music
3203,drilling
3204,dog_bark
3208,gun_shot
3210,children_playing
3212,air_conditioner
3217,car_horn
3219,drilling
3222,gun_shot
3224,air_conditioner
3228,street_music
3234,jackhammer
3241,street_music
3242,street_music
3243,gun_shot
3245,children_playing
3247,children_playing
3249,dog_bark
3251,children_playing
3252,street_music
3253,drilling
3255,dog_bark
3256,drilling
3260,dog_bark
3263,gun_shot
3265,drilling
3269,street_music
3274,gun_shot
3280,drilling
3282,car_horn
3284,gun_shot
3287,street_music
3289,engine_idling
3290,jackhammer
3295,car_horn
3300,gun_shot
3303,street_music
3304,street_music
3309,children_playing
3311,children_playing
3312,gun_shot
3313,engine_idling
3314,drilling
3315,drilling
3326,engine_idling
3327,dog_bark
3329,siren
3335,street_music
3339,gun_shot
3340,car_horn
3341,children_playing
3342,dog_bark
3346,drilling
3348,gun_shot
3356,gun_shot
3359,street_music
3361,jackhammer
3366,siren
3368,siren
3372,drilling
3374,air_conditioner
3377,gun_shot
3378,street_music
3380,car_horn
3382,engine_idling
3384,gun_shot
3385,gun_shot
3386,car_horn
3391,drilling
3393,gun_shot
3396,air_conditioner
3402,gun_shot
3403,jackhammer
3405,drilling
3408,engine_idling
3410,siren
3411,air_conditioner
3412,children_playing
3414,dog_bark
3421,air_conditioner
3424,street_music
3426,car_horn
3427,siren
3428,dog_bark
3430,siren
3431,gun_shot
3438,street_music
3440,drilling
3447,jackhammer
3448,engine_idling
3450,engine_idling
3456,siren
3457,jackhammer
3460,gun_shot
3463,drilling
3466,air_conditioner
3468,engine_idling
3472,street_music
3476,siren
3479,gun_shot
3484,car_horn
3485,street_music
3487,street_music
3488,children_playing
3490,engine_idling
3494,car_horn
3497,street_music
3498,gun_shot
3500,dog_bark
3502,car_horn
3505,siren
3506,street_music
3511,air_conditioner
3512,engine_idling
3513,engine_idling
3521,jackhammer
3524,siren
3527,air_conditioner
3530,air_conditioner
3532,dog_bark
3535,siren
3541,street_music
3544,street_music
3552,gun_shot
3553,engine_idling
3557,children_playing
3558,air_conditioner
3559,air_conditioner
3562,drilling
3563,air_conditioner
3564,car_horn
3565,air_conditioner
3570,gun_shot
3571,street_music
3572,drilling
3573,drilling
3575,drilling
3576,jackhammer
3578,dog_bark
3581,children_playing
3586,drilling
3589,dog_bark
3592,air_conditioner
3593,drilling
3594,car_horn
3600,siren
3601,dog_bark
3602,dog_bark
3605,gun_shot
3612,children_playing
3615,air_conditioner
3616,engine_idling
3617,gun_shot
3618,air_conditioner
3620,dog_bark
3623,children_playing
3625,dog_bark
3631,engine_idling
3633,street_music
3635,street_music
3636,jackhammer
3638,street_music
3641,street_music
3643,engine_idling
3650,street_music
3651,siren
3655,jackhammer
3665,air_conditioner
3667,drilling
3673,street_music
3677,air_conditioner
3684,engine_idling
3690,dog_bark
3692,siren
3693,car_horn
3694,drilling
3699,dog_bark
3701,air_conditioner
3704,air_conditioner
3705,engine_idling
3707,street_music
3710,siren
3712,siren
3713,siren
3715,children_playing
3716,street_music
3720,children_playing
3722,street_music
3723,air_conditioner
3727,drilling
3730,dog_bark
3733,air_conditioner
3736,dog_bark
3737,engine_idling
3740,siren
3743,children_playing
3744,siren
3746,engine_idling
3748,engine_idling
3755,siren
3757,drilling
3761,dog_bark
3767,dog_bark
3768,dog_bark
3769,air_conditioner
3773,car_horn
3774,dog_bark
3775,air_conditioner
3777,gun_shot
3779,street_music
3780,siren
3786,dog_bark
3789,engine_idling
3793,car_horn
3794,drilling
3795,car_horn
3796,air_conditioner
3797,air_conditioner
3801,children_playing
3802,gun_shot
3804,street_music
3807,air_conditioner
3809,street_music
3810,siren
3812,street_music
3814,siren
3815,gun_shot
3817,children_playing
3818,street_music
3824,drilling
3825,air_conditioner
3826,car_horn
3829,air_conditioner
3831,drilling
3832,jackhammer
3835,gun_shot
3837,air_conditioner
3841,drilling
3845,drilling
3849,gun_shot
3852,siren
3856,car_horn
3857,dog_bark
3858,engine_idling
3862,drilling
3865,air_conditioner
3867,dog_bark
3872,children_playing
3873,jackhammer
3874,street_music
3875,children_playing
3876,jackhammer
3892,engine_idling
3897,drilling
3899,street_music
3901,siren
3904,children_playing
3907,drilling
3908,siren
3912,children_playing
3913,gun_shot
3917,engine_idling
3922,air_conditioner
3923,drilling
3926,siren
3928,drilling
3931,jackhammer
3935,street_music
3937,air_conditioner
3942,street_music
3946,dog_bark
3949,drilling
3950,drilling
3952,air_conditioner
3953,air_conditioner
3954,gun_shot
3957,air_conditioner
3958,air_conditioner
3961,siren
3963,street_music
3964,drilling
3971,drilling
3974,street_music
3976,street_music
3977,street_music
3979,children_playing
3980,siren
3989,dog_bark
3990,jackhammer
3991,engine_idling
3995,gun_shot
3996,drilling
4005,engine_idling
4007,drilling
4008,dog_bark
4013,drilling
4016,gun_shot
4019,street_music
4020,siren
4023,air_conditioner
4025,street_music
4026,air_conditioner
4031,air_conditioner
4033,dog_bark
4034,air_conditioner
4035,engine_idling
4036,air_conditioner
4037,gun_shot
4040,dog_bark
4042,gun_shot
4043,dog_bark
4047,dog_bark
4048,drilling
4051,air_conditioner
4052,air_conditioner
4053,siren
4059,dog_bark
4060,drilling
4061,car_horn
4063,drilling
4065,street_music
4071,street_music
4072,drilling
4074,air_conditioner
4079,children_playing
4082,drilling
4088,street_music
4090,drilling
4092,engine_idling
4098,air_conditioner
4099,children_playing
4105,siren
4107,drilling
4108,siren
4109,gun_shot
4112,air_conditioner
4113,dog_bark
4114,dog_bark
4115,siren
4116,gun_shot
4120,air_conditioner
4124,engine_idling
4127,dog_bark
4132,dog_bark
4133,drilling
4136,air_conditioner
4141,air_conditioner
4144,air_conditioner
4145,drilling
4147,car_horn
4148,jackhammer
4149,air_conditioner
4150,dog_bark
4151,jackhammer
4152,children_playing
4153,drilling
4154,siren
4156,car_horn
4157,dog_bark
4165,car_horn
4167,gun_shot
4173,engine_idling
4176,engine_idling
4177,street_music
4185,engine_idling
4186,siren
4187,street_music
4188,gun_shot
4192,siren
4194,dog_bark
4195,car_horn
4196,air_conditioner
4202,dog_bark
4208,siren
4209,siren
4211,jackhammer
4212,air_conditioner
4213,air_conditioner
4214,dog_bark
4215,siren
4219,children_playing
4221,siren
4223,street_music
4225,dog_bark
4229,children_playing
4230,air_conditioner
4233,car_horn
4237,air_conditioner
4238,street_music
4240,dog_bark
4243,gun_shot
4245,air_conditioner
4250,gun_shot
4251,drilling
4258,engine_idling
4259,air_conditioner
4261,children_playing
4264,siren
4266,gun_shot
4268,gun_shot
4269,engine_idling
4270,air_conditioner
4271,air_conditioner
4275,air_conditioner
4276,children_playing
4280,siren
4282,engine_idling
4283,air_conditioner
4284,dog_bark
4292,engine_idling
4294,children_playing
4295,engine_idling
4296,car_horn
4298,children_playing
4300,siren
4302,air_conditioner
4304,street_music
4305,engine_idling
4306,air_conditioner
4308,siren
4309,siren
4310,siren
4312,dog_bark
4315,street_music
4318,engine_idling
4321,air_conditioner
4322,siren
4325,engine_idling
4329,dog_bark
4330,street_music
4332,gun_shot
4334,siren
4336,street_music
4339,drilling
4340,gun_shot
4342,street_music
4343,street_music
4344,gun_shot
4345,air_conditioner
4347,street_music
4348,jackhammer
4354,street_music
4355,siren
4357,dog_bark
4360,gun_shot
4368,gun_shot
4370,air_conditioner
4373,engine_idling
4376,gun_shot
4377,engine_idling
4380,street_music
4383,siren
4385,engine_idling
4387,dog_bark
4388,engine_idling
4391,air_conditioner
4395,gun_shot
4398,siren
4399,car_horn
4402,siren
4403,drilling
4404,children_playing
4405,siren
4407,jackhammer
4409,engine_idling
4410,air_conditioner
4414,air_conditioner
4419,air_conditioner
4421,car_horn
4423,air_conditioner
4434,drilling
4435,jackhammer
4441,air_conditioner
4445,dog_bark
4447,gun_shot
4448,drilling
4452,car_horn
4455,children_playing
4457,siren
4460,street_music
4465,jackhammer
4466,car_horn
4468,dog_bark
4469,children_playing
4470,children_playing
4471,children_playing
4477,children_playing
4478,street_music
4479,siren
4484,street_music
4488,gun_shot
4489,street_music
4494,car_horn
4495,jackhammer
4496,engine_idling
4497,air_conditioner
4501,siren
4505,car_horn
4507,drilling
4508,gun_shot
4512,engine_idling
4516,engine_idling
4517,gun_shot
4518,children_playing
4519,drilling
4520,gun_shot
4524,gun_shot
4533,siren
4537,jackhammer
4538,jackhammer
4543,gun_shot
4544,siren
4546,air_conditioner
4548,drilling
4550,street_music
4551,street_music
4552,drilling
4553,air_conditioner
4555,gun_shot
4558,dog_bark
4560,street_music
4564,children_playing
4565,dog_bark
4567,car_horn
4576,dog_bark
4577,street_music
4579,air_conditioner
4580,street_music
4582,drilling
4586,siren
4587,jackhammer
4588,gun_shot
4590,air_conditioner
4591,siren
4593,gun_shot
4594,drilling
4596,dog_bark
4597,engine_idling
4600,engine_idling
4603,drilling
4605,street_music
4606,street_music
4608,car_horn
4615,air_conditioner
4620,street_music
4621,siren
4624,air_conditioner
4626,siren
4627,dog_bark
4631,street_music
4638,dog_bark
4639,drilling
4642,siren
4644,drilling
4649,drilling
4654,drilling
4656,gun_shot
4660,dog_bark
4664,car_horn
4670,drilling
4671,dog_bark
4673,children_playing
4675,car_horn
4678,children_playing
4681,street_music
4687,children_playing
4689,drilling
4691,dog_bark
4694,car_horn
4696,street_music
4699,dog_bark
4700,air_conditioner
4701,drilling
4706,dog_bark
4709,siren
4710,air_conditioner
4711,dog_bark
4712,street_music
4713,drilling
4717,children_playing
4719,drilling
4720,engine_idling
4727,street_music
4731,air_conditioner
4734,street_music
4738,drilling
4744,siren
4751,car_horn
4757,dog_bark
4760,drilling
4761,siren
4765,street_music
4768,engine_idling
4771,air_conditioner
4772,engine_idling
4773,street_music
4774,air_conditioner
4777,air_conditioner
4779,engine_idling
4780,street_music
4782,street_music
4797,air_conditioner
4798,engine_idling
4802,drilling
4808,siren
4809,engine_idling
4811,siren
4812,children_playing
4813,air_conditioner
4814,gun_shot
4815,dog_bark
4816,street_music
4817,air_conditioner
4818,children_playing
4819,engine_idling
4825,drilling
4831,street_music
4838,air_conditioner
4841,siren
4845,air_conditioner
4848,air_conditioner
4849,street_music
4850,jackhammer
4855,siren
4856,gun_shot
4859,jackhammer
4862,drilling
4865,street_music
4868,car_horn
4869,gun_shot
4871,air_conditioner
4872,gun_shot
4874,children_playing
4875,air_conditioner
4876,engine_idling
4878,gun_shot
4882,siren
4885,car_horn
4891,children_playing
4892,children_playing
4893,street_music
4897,car_horn
4898,drilling
4901,car_horn
4908,street_music
4910,engine_idling
4915,drilling
4922,siren
4929,engine_idling
4930,dog_bark
4932,gun_shot
4933,car_horn
4935,engine_idling
4936,gun_shot
4939,gun_shot
4941,drilling
4944,street_music
4946,air_conditioner
4949,engine_idling
4951,children_playing
4954,dog_bark
4955,jackhammer
4957,air_conditioner
4958,gun_shot
4967,air_conditioner
4969,drilling
4971,street_music
4975,jackhammer
4977,drilling
4978,gun_shot
4979,street_music
4980,street_music
4981,children_playing
4982,dog_bark
4983,jackhammer
4987,engine_idling
4995,jackhammer
4998,air_conditioner
4999,street_music
5000,children_playing
5006,dog_bark
5007,siren
5008,siren
5009,air_conditioner
5012,siren
5014,engine_idling
5015,street_music
5016,gun_shot
5018,engine_idling
5020,air_conditioner
5024,air_conditioner
5026,air_conditioner
5027,engine_idling
5030,air_conditioner
5036,jackhammer
5039,air_conditioner
5041,dog_bark
5047,air_conditioner
5048,air_conditioner
5050,air_conditioner
5053,engine_idling
5054,siren
5056,street_music
5061,children_playing
5062,drilling
5066,drilling
5070,gun_shot
5078,air_conditioner
5079,car_horn
5080,gun_shot
5083,siren
5086,jackhammer
5087,engine_idling
5090,drilling
5091,siren
5093,drilling
5097,siren
5098,air_conditioner
5101,children_playing
5102,gun_shot
5104,air_conditioner
5105,gun_shot
5108,gun_shot
5111,siren
5113,engine_idling
5115,drilling
5116,gun_shot
5120,dog_bark
5123,drilling
5124,children_playing
5126,street_music
5131,gun_shot
5136,gun_shot
5137,car_horn
5139,air_conditioner
5143,street_music
5144,drilling
5145,street_music
5150,siren
5152,gun_shot
5153,street_music
5155,dog_bark
5156,engine_idling
5160,air_conditioner
5161,air_conditioner
5162,engine_idling
5163,street_music
5164,car_horn
5166,dog_bark
5167,air_conditioner
5168,air_conditioner
5170,gun_shot
5179,siren
5182,dog_bark
5184,siren
5185,air_conditioner
5187,gun_shot
5192,jackhammer
5193,dog_bark
5194,street_music
5197,drilling
5203,jackhammer
5204,air_conditioner
5207,siren
5208,street_music
5212,drilling
5213,jackhammer
5215,street_music
5220,gun_shot
5222,dog_bark
5224,siren
5229,gun_shot
5230,siren
5231,children_playing
5232,car_horn
5235,dog_bark
5238,drilling
5240,air_conditioner
5242,drilling
5245,children_playing
5249,gun_shot
5250,siren
5252,dog_bark
5254,drilling
5256,dog_bark
5258,dog_bark
5260,street_music
5261,jackhammer
5267,siren
5269,jackhammer
5273,siren
5274,gun_shot
5275,street_music
5276,gun_shot
5280,siren
5282,street_music
5285,children_playing
5286,drilling
5287,dog_bark
5288,engine_idling
5293,gun_shot
5295,drilling
5296,dog_bark
5298,street_music
5300,children_playing
5301,dog_bark
5303,air_conditioner
5305,gun_shot
5306,air_conditioner
5311,jackhammer
5317,dog_bark
5318,dog_bark
5325,drilling
5327,engine_idling
5330,street_music
5332,air_conditioner
5334,engine_idling
5335,children_playing
5337,gun_shot
5339,street_music
5341,car_horn
5342,air_conditioner
5346,street_music
5349,air_conditioner
5354,dog_bark
5355,jackhammer
5358,air_conditioner
5362,drilling
5363,siren
5365,drilling
5366,gun_shot
5367,gun_shot
5368,drilling
5372,siren
5375,air_conditioner
5377,street_music
5379,drilling
5381,drilling
5383,street_music
5386,street_music
5387,drilling
5388,dog_bark
5392,dog_bark
5393,air_conditioner
5396,gun_shot
5399,jackhammer
5401,siren
5402,street_music
5404,siren
5408,air_conditioner
5410,dog_bark
5413,engine_idling
5419,air_conditioner
5420,air_conditioner
5421,street_music
5422,car_horn
5424,gun_shot
5425,air_conditioner
5428,air_conditioner
5430,engine_idling
5431,car_horn
5434,street_music
5439,air_conditioner
5440,drilling
5442,street_music
5443,jackhammer
5446,children_playing
5449,jackhammer
5450,car_horn
5451,car_horn
5453,air_conditioner
5454,car_horn
5455,car_horn
5457,air_conditioner
5458,air_conditioner
5462,children_playing
5463,dog_bark
5464,street_music
5467,siren
5468,drilling
5469,gun_shot
5470,air_conditioner
5471,street_music
5474,gun_shot
5475,drilling
5478,dog_bark
5479,car_horn
5482,drilling
5484,children_playing
5485,street_music
5490,air_conditioner
5491,children_playing
5496,gun_shot
5500,jackhammer
5501,siren
5502,air_conditioner
5506,gun_shot
5510,air_conditioner
5516,dog_bark
5517,dog_bark
5520,dog_bark
5525,drilling
5527,gun_shot
5529,car_horn
5531,siren
5532,air_conditioner
5536,engine_idling
5538,street_music
5539,gun_shot
5541,car_horn
5549,street_music
5550,siren
5551,drilling
5552,gun_shot
5555,street_music
5563,street_music
5567,street_music
5568,street_music
5569,siren
5573,jackhammer
5575,street_music
5576,drilling
5578,children_playing
5579,gun_shot
5580,street_music
5581,children_playing
5584,jackhammer
5590,dog_bark
5591,street_music
5593,street_music
5595,engine_idling
5596,dog_bark
5602,gun_shot
5603,dog_bark
5604,dog_bark
5606,drilling
5608,street_music
5617,gun_shot
5618,gun_shot
5620,street_music
5621,car_horn
5622,air_conditioner
5629,drilling
5630,children_playing
5632,street_music
5633,air_conditioner
5636,children_playing
5643,gun_shot
5646,street_music
5647,car_horn
5648,siren
5651,dog_bark
5656,air_conditioner
5657,street_music
5665,siren
5666,air_conditioner
5667,siren
5674,street_music
5675,gun_shot
5677,drilling
5679,siren
5685,air_conditioner
5686,air_conditioner
5688,gun_shot
5693,engine_idling
5694,dog_bark
5696,gun_shot
5700,siren
5703,siren
5708,dog_bark
5717,drilling
5718,jackhammer
5720,gun_shot
5727,street_music
5728,engine_idling
5729,air_conditioner
5737,air_conditioner
5738,drilling
5743,drilling
5747,engine_idling
5748,dog_bark
5749,children_playing
5752,air_conditioner
5753,street_music
5754,street_music
5756,dog_bark
5759,air_conditioner
5766,engine_idling
5775,dog_bark
5776,car_horn
5777,car_horn
5779,siren
5781,siren
5782,gun_shot
5785,air_conditioner
5787,engine_idling
5789,air_conditioner
5792,engine_idling
5793,gun_shot
5794,air_conditioner
5795,street_music
5797,street_music
5798,children_playing
5801,engine_idling
5803,street_music
5804,gun_shot
5805,children_playing
5807,siren
5809,gun_shot
5810,children_playing
5811,children_playing
5812,dog_bark
5814,children_playing
5819,drilling
5821,siren
5823,street_music
5828,dog_bark
5830,engine_idling
5831,siren
5834,siren
5836,air_conditioner
5838,engine_idling
5839,gun_shot
5843,siren
5845,air_conditioner
5846,siren
5849,dog_bark
5853,gun_shot
5855,jackhammer
5860,siren
5861,street_music
5866,air_conditioner
5868,street_music
5872,gun_shot
5873,dog_bark
5875,children_playing
5878,air_conditioner
5880,siren
5883,jackhammer
5884,engine_idling
5885,car_horn
5894,street_music
5895,drilling
5896,drilling
5898,siren
5899,siren
5905,siren
5910,siren
5911,street_music
5913,car_horn
5916,jackhammer
5919,siren
5920,drilling
5923,drilling
5924,gun_shot
5929,air_conditioner
5930,air_conditioner
5931,air_conditioner
5935,air_conditioner
5938,children_playing
5939,siren
5945,children_playing
5946,street_music
5955,siren
5956,street_music
5958,street_music
5959,jackhammer
5961,street_music
5965,siren
5967,street_music
5969,drilling
5970,air_conditioner
5971,gun_shot
5972,street_music
5973,engine_idling
5974,drilling
5975,drilling
5978,street_music
5979,street_music
5981,air_conditioner
5986,siren
5987,jackhammer
5991,siren
5993,gun_shot
5998,siren
6000,air_conditioner
6006,street_music
6008,car_horn
6011,dog_bark
6018,drilling
6024,car_horn
6028,street_music
6032,siren
6036,drilling
6037,air_conditioner
6038,dog_bark
6039,gun_shot
6042,siren
6043,drilling
6044,street_music
6045,drilling
6048,drilling
6052,dog_bark
6057,jackhammer
6058,drilling
6060,car_horn
6062,siren
6064,engine_idling
6065,engine_idling
6067,dog_bark
6069,street_music
6071,car_horn
6073,engine_idling
6075,siren
6076,children_playing
6078,siren
6084,jackhammer
6090,gun_shot
6093,dog_bark
6097,dog_bark
6102,drilling
6105,jackhammer
6106,drilling
6110,street_music
6111,car_horn
6112,air_conditioner
6113,gun_shot
6114,siren
6122,dog_bark
6124,engine_idling
6125,car_horn
6126,siren
6127,air_conditioner
6128,children_playing
6135,engine_idling
6143,dog_bark
6146,jackhammer
6147,gun_shot
6148,air_conditioner
6150,dog_bark
6155,car_horn
6157,drilling
6164,dog_bark
6166,siren
6167,gun_shot
6168,siren
6176,engine_idling
6178,gun_shot
6182,drilling
6184,air_conditioner
6185,dog_bark
6186,car_horn
6190,siren
6192,gun_shot
6195,jackhammer
6199,siren
6200,street_music
6201,drilling
6202,engine_idling
6203,street_music
6207,engine_idling
6208,air_conditioner
6209,siren
6216,siren
6218,engine_idling
6221,children_playing
6223,siren
6225,street_music
6226,drilling
6228,children_playing
6231,siren
6233,street_music
6236,engine_idling
6237,street_music
6238,drilling
6240,street_music
6242,gun_shot
6246,dog_bark
6250,gun_shot
6251,street_music
6252,gun_shot
6253,air_conditioner
6254,gun_shot
6257,children_playing
6261,air_conditioner
6264,siren
6267,gun_shot
6269,car_horn
6273,drilling
6275,street_music
6276,drilling
6277,street_music
6280,air_conditioner
6281,street_music
6285,jackhammer
6289,drilling
6299,drilling
6301,street_music
6302,car_horn
6303,gun_shot
6306,car_horn
6307,dog_bark
6312,engine_idling
6313,siren
6315,jackhammer
6316,children_playing
6320,street_music
6325,siren
6330,air_conditioner
6334,car_horn
6342,siren
6344,street_music
6349,car_horn
6350,engine_idling
6352,siren
6353,siren
6356,engine_idling
6360,dog_bark
6361,engine_idling
6362,siren
6363,air_conditioner
6365,siren
6368,jackhammer
6369,dog_bark
6373,children_playing
6383,siren
6384,air_conditioner
6385,car_horn
6386,air_conditioner
6388,drilling
6390,jackhammer
6391,drilling
6396,gun_shot
6397,drilling
6398,drilling
6399,car_horn
6400,air_conditioner
6401,jackhammer
6405,engine_idling
6406,street_music
6407,gun_shot
6410,dog_bark
6415,street_music
6419,gun_shot
6421,siren
6425,drilling
6428,children_playing
6429,drilling
6430,gun_shot
6433,siren
6438,engine_idling
6439,air_conditioner
6444,engine_idling
6447,drilling
6458,street_music
6465,air_conditioner
6470,siren
6471,street_music
6472,dog_bark
6476,gun_shot
6479,siren
6481,siren
6482,children_playing
6485,street_music
6488,drilling
6489,street_music
6491,engine_idling
6492,air_conditioner
6494,drilling
6495,air_conditioner
6499,car_horn
6501,street_music
6503,gun_shot
6504,children_playing
6513,air_conditioner
6514,car_horn
6519,gun_shot
6525,air_conditioner
6526,engine_idling
6532,drilling
6533,street_music
6538,car_horn
6539,dog_bark
6540,drilling
6541,dog_bark
6545,engine_idling
6554,air_conditioner
6561,air_conditioner
6564,gun_shot
6567,jackhammer
6569,car_horn
6571,gun_shot
6576,gun_shot
6577,air_conditioner
6578,jackhammer
6581,air_conditioner
6582,engine_idling
6584,jackhammer
6585,street_music
6586,engine_idling
6587,car_horn
6588,drilling
6590,siren
6591,street_music
6593,children_playing
6594,car_horn
6597,jackhammer
6598,drilling
6601,air_conditioner
6605,dog_bark
6611,engine_idling
6612,siren
6613,car_horn
6615,air_conditioner
6617,car_horn
6622,street_music
6624,gun_shot
6625,street_music
6627,air_conditioner
6632,dog_bark
6636,air_conditioner
6639,jackhammer
6645,air_conditioner
6646,siren
6650,dog_bark
6657,car_horn
6658,car_horn
6663,children_playing
6666,air_conditioner
6669,air_conditioner
6670,air_conditioner
6672,children_playing
6673,engine_idling
6675,car_horn
6678,dog_bark
6680,gun_shot
6682,dog_bark
6684,drilling
6685,children_playing
6686,siren
6687,engine_idling
6688,jackhammer
6690,children_playing
6695,air_conditioner
6697,gun_shot
6699,drilling
6700,street_music
6701,air_conditioner
6702,dog_bark
6704,dog_bark
6705,air_conditioner
6706,gun_shot
6707,engine_idling
6709,gun_shot
6711,air_conditioner
6713,air_conditioner
6718,siren
6720,siren
6727,gun_shot
6733,car_horn
6743,air_conditioner
6744,siren
6745,drilling
6751,car_horn
6756,children_playing
6758,street_music
6761,air_conditioner
6762,gun_shot
6766,street_music
6776,gun_shot
6780,jackhammer
6784,siren
6785,air_conditioner
6787,street_music
6788,drilling
6789,siren
6794,air_conditioner
6795,gun_shot
6796,street_music
6798,siren
6799,jackhammer
6801,air_conditioner
6803,engine_idling
6805,drilling
6806,street_music
6807,street_music
6808,engine_idling
6809,gun_shot
6814,siren
6825,car_horn
6827,street_music
6828,street_music
6833,gun_shot
6834,dog_bark
6838,children_playing
6842,engine_idling
6843,street_music
6845,children_playing
6848,car_horn
6849,siren
6854,drilling
6858,dog_bark
6859,jackhammer
6861,children_playing
6862,air_conditioner
6863,air_conditioner
6867,siren
6868,children_playing
6870,gun_shot
6873,street_music
6874,jackhammer
6876,gun_shot
6884,gun_shot
6885,dog_bark
6887,dog_bark
6890,gun_shot
6894,engine_idling
6897,dog_bark
6899,air_conditioner
6904,engine_idling
6905,dog_bark
6913,air_conditioner
6916,gun_shot
6917,air_conditioner
6919,dog_bark
6921,gun_shot
6924,drilling
6927,air_conditioner
6930,dog_bark
6936,street_music
6940,drilling
6941,drilling
6944,car_horn
6950,dog_bark
6951,drilling
6952,siren
6953,street_music
6957,dog_bark
6959,drilling
6960,air_conditioner
6962,siren
6964,car_horn
6968,gun_shot
6972,gun_shot
6978,jackhammer
6980,drilling
6983,jackhammer
6987,drilling
6988,siren
6989,siren
6994,street_music
6995,siren
6996,engine_idling
6997,dog_bark
7011,dog_bark
7021,drilling
7023,street_music
7024,children_playing
7033,air_conditioner
7034,jackhammer
7037,siren
7038,jackhammer
7043,street_music
7044,gun_shot
7045,drilling
7047,siren
7050,air_conditioner
7056,engine_idling
7058,street_music
7071,car_horn
7080,car_horn
7089,street_music
7090,gun_shot
7092,drilling
7093,siren
7097,engine_idling
7098,engine_idling
7099,siren
7101,dog_bark
7102,siren
7103,siren
7104,air_conditioner
7106,drilling
7117,gun_shot
7119,dog_bark
7120,street_music
7122,air_conditioner
7123,children_playing
7125,street_music
7127,air_conditioner
7128,dog_bark
7130,street_music
7132,air_conditioner
7134,drilling
7135,car_horn
7139,siren
7146,air_conditioner
7147,engine_idling
7152,air_conditioner
7158,children_playing
7160,car_horn
7164,gun_shot
7165,siren
7166,engine_idling
7167,jackhammer
7168,siren
7173,dog_bark
7181,drilling
7182,car_horn
7183,gun_shot
7184,children_playing
7186,gun_shot
7188,air_conditioner
7189,drilling
7192,air_conditioner
7193,jackhammer
7199,jackhammer
7208,dog_bark
7209,dog_bark
7210,gun_shot
7214,engine_idling
7219,drilling
7220,drilling
7225,siren
7229,air_conditioner
7230,dog_bark
7234,gun_shot
7236,siren
7237,siren
7238,engine_idling
7239,dog_bark
7243,gun_shot
7246,siren
7248,drilling
7254,children_playing
7255,gun_shot
7261,street_music
7266,children_playing
7267,engine_idling
7268,air_conditioner
7270,engine_idling
7271,gun_shot
7273,air_conditioner
7276,siren
7281,drilling
7282,siren
7283,drilling
7286,children_playing
7288,air_conditioner
7289,siren
7290,engine_idling
7291,street_music
7293,siren
7295,air_conditioner
7296,drilling
7299,street_music
7300,air_conditioner
7301,air_conditioner
7303,children_playing
7304,jackhammer
7306,children_playing
7308,drilling
7310,jackhammer
7312,air_conditioner
7314,siren
7317,drilling
7318,car_horn
7324,jackhammer
7325,children_playing
7327,children_playing
7334,street_music
7335,air_conditioner
7339,air_conditioner
7341,air_conditioner
7342,siren
7348,gun_shot
7350,dog_bark
7351,car_horn
7353,air_conditioner
7355,gun_shot
7356,street_music
7357,gun_shot
7363,drilling
7365,siren
7368,gun_shot
7371,jackhammer
7373,children_playing
7390,gun_shot
7391,gun_shot
7393,air_conditioner
7394,gun_shot
7395,air_conditioner
7396,siren
7397,gun_shot
7402,air_conditioner
7406,street_music
7407,street_music
7411,dog_bark
7413,siren
7415,air_conditioner
7416,drilling
7420,gun_shot
7421,gun_shot
7422,dog_bark
7427,dog_bark
7428,children_playing
7433,gun_shot
7434,gun_shot
7435,gun_shot
7438,siren
7440,siren
7441,gun_shot
7442,car_horn
7444,drilling
7445,dog_bark
7453,street_music
7454,engine_idling
7461,air_conditioner
7464,engine_idling
7466,drilling
7470,drilling
7473,dog_bark
7474,children_playing
7477,air_conditioner
7480,jackhammer
7481,gun_shot
7484,siren
7485,car_horn
7486,siren
7487,street_music
7489,engine_idling
7491,drilling
7492,street_music
7496,dog_bark
7498,street_music
7502,street_music
7511,street_music
7512,street_music
7514,siren
7515,air_conditioner
7517,dog_bark
7526,children_playing
7527,air_conditioner
7533,children_playing
7534,engine_idling
7535,gun_shot
7536,air_conditioner
7537,siren
7540,jackhammer
7544,dog_bark
7545,air_conditioner
7546,children_playing
7549,dog_bark
7551,jackhammer
7554,street_music
7555,siren
7557,dog_bark
7559,jackhammer
7562,siren
7564,children_playing
7571,drilling
7572,street_music
7575,air_conditioner
7583,gun_shot
7587,engine_idling
7588,car_horn
7590,car_horn
7591,dog_bark
7594,gun_shot
7603,drilling
7605,siren
7606,dog_bark
7608,air_conditioner
7615,car_horn
7616,car_horn
7621,car_horn
7624,drilling
7627,siren
7628,street_music
7630,drilling
7632,drilling
7635,air_conditioner
7637,air_conditioner
7640,engine_idling
7643,street_music
7647,drilling
7649,jackhammer
7652,air_conditioner
7654,siren
7658,engine_idling
7659,dog_bark
7660,drilling
7661,dog_bark
7662,car_horn
7663,dog_bark
7666,dog_bark
7667,air_conditioner
7668,engine_idling
7670,air_conditioner
7676,engine_idling
7678,dog_bark
7684,siren
7691,engine_idling
7692,car_horn
7693,street_music
7695,siren
7698,jackhammer
7701,dog_bark
7703,gun_shot
7704,gun_shot
7708,street_music
7709,gun_shot
7714,drilling
7716,dog_bark
7717,gun_shot
7719,drilling
7722,siren
7728,street_music
7731,car_horn
7732,gun_shot
7737,street_music
7741,jackhammer
7746,air_conditioner
7749,jackhammer
7752,siren
7753,siren
7755,car_horn
7757,children_playing
7758,gun_shot
7760,siren
7763,drilling
7764,car_horn
7767,drilling
7771,jackhammer
7772,siren
7773,siren
7774,air_conditioner
7778,siren
7781,drilling
7782,air_conditioner
7786,air_conditioner
7789,children_playing
7790,gun_shot
7793,air_conditioner
7794,air_conditioner
7797,street_music
7798,siren
7799,dog_bark
7801,drilling
7803,engine_idling
7805,children_playing
7808,car_horn
7809,engine_idling
7811,gun_shot
7812,dog_bark
7815,car_horn
7816,siren
7820,jackhammer
7823,dog_bark
7832,street_music
7834,drilling
7840,dog_bark
7841,air_conditioner
7847,car_horn
7848,siren
7849,street_music
7851,air_conditioner
7852,air_conditioner
7857,street_music
7859,dog_bark
7863,siren
7864,siren
7866,car_horn
7877,siren
7878,air_conditioner
7884,gun_shot
7885,engine_idling
7886,gun_shot
7887,gun_shot
7888,engine_idling
7889,air_conditioner
7894,street_music
7895,engine_idling
7902,siren
7903,street_music
7905,street_music
7906,drilling
7907,jackhammer
7912,dog_bark
7913,street_music
7915,street_music
7921,gun_shot
7923,street_music
7924,air_conditioner
7925,siren
7926,children_playing
7934,gun_shot
7937,gun_shot
7940,dog_bark
7945,car_horn
7947,street_music
7948,street_music
7950,car_horn
7953,dog_bark
7957,drilling
7958,street_music
7960,siren
7962,engine_idling
7967,air_conditioner
7968,car_horn
7971,drilling
7972,street_music
7973,dog_bark
7974,street_music
7983,air_conditioner
7984,gun_shot
7986,jackhammer
7987,children_playing
7991,street_music
8001,air_conditioner
8003,air_conditioner
8005,jackhammer
8006,street_music
8007,children_playing
8010,gun_shot
8011,children_playing
8015,drilling
8017,engine_idling
8018,siren
8019,street_music
8023,siren
8026,siren
8030,air_conditioner
8031,drilling
8038,children_playing
8039,gun_shot
8040,drilling
8041,siren
8044,siren
8045,jackhammer
8051,drilling
8054,engine_idling
8056,dog_bark
8059,gun_shot
8063,drilling
8065,jackhammer
8066,air_conditioner
8070,siren
8082,street_music
8083,gun_shot
8087,car_horn
8089,engine_idling
8091,air_conditioner
8094,gun_shot
8096,street_music
8098,gun_shot
8102,car_horn
8107,dog_bark
8109,drilling
8112,air_conditioner
8113,children_playing
8115,jackhammer
8116,jackhammer
8117,siren
8120,children_playing
8121,siren
8123,air_conditioner
8124,air_conditioner
8126,air_conditioner
8129,car_horn
8132,engine_idling
8134,air_conditioner
8136,children_playing
8138,gun_shot
8139,engine_idling
8141,air_conditioner
8147,car_horn
8149,air_conditioner
8153,dog_bark
8157,siren
8158,air_conditioner
8159,jackhammer
8160,air_conditioner
8162,street_music
8163,drilling
8164,street_music
8165,gun_shot
8169,engine_idling
8170,engine_idling
8175,drilling
8178,dog_bark
8179,gun_shot
8186,children_playing
8196,siren
8197,engine_idling
8198,street_music
8203,gun_shot
8204,street_music
8206,gun_shot
8207,street_music
8209,engine_idling
8212,engine_idling
8214,air_conditioner
8218,dog_bark
8222,drilling
8223,car_horn
8224,street_music
8225,air_conditioner
8226,drilling
8230,car_horn
8235,children_playing
8237,jackhammer
8240,engine_idling
8242,drilling
8245,siren
8248,drilling
8250,gun_shot
8254,children_playing
8255,dog_bark
8256,gun_shot
8267,drilling
8269,air_conditioner
8273,children_playing
8275,drilling
8276,dog_bark
8278,engine_idling
8281,gun_shot
8284,jackhammer
8286,siren
8288,children_playing
8290,drilling
8291,drilling
8292,car_horn
8295,car_horn
8298,siren
8301,street_music
8303,jackhammer
8304,siren
8309,air_conditioner
8312,car_horn
8316,air_conditioner
8319,dog_bark
8320,drilling
8321,siren
8326,air_conditioner
8328,air_conditioner
8329,dog_bark
8331,children_playing
8336,gun_shot
8339,drilling
8340,engine_idling
8341,dog_bark
8342,children_playing
8343,engine_idling
8348,siren
8349,gun_shot
8350,gun_shot
8355,car_horn
8358,street_music
8359,air_conditioner
8362,drilling
8363,dog_bark
8367,air_conditioner
8371,street_music
8372,gun_shot
8373,siren
8374,car_horn
8375,air_conditioner
8376,air_conditioner
8379,street_music
8383,dog_bark
8385,air_conditioner
8388,dog_bark
8389,dog_bark
8390,gun_shot
8394,dog_bark
8398,engine_idling
8400,street_music
8402,air_conditioner
8404,air_conditioner
8405,air_conditioner
8408,engine_idling
8413,drilling
8414,car_horn
8415,dog_bark
8418,drilling
8423,car_horn
8426,dog_bark
8433,dog_bark
8436,street_music
8439,street_music
8451,gun_shot
8452,dog_bark
8454,engine_idling
8455,street_music
8456,gun_shot
8461,engine_idling
8463,gun_shot
8468,street_music
8478,dog_bark
8480,air_conditioner
8481,children_playing
8487,street_music
8488,street_music
8489,gun_shot
8490,air_conditioner
8494,dog_bark
8495,car_horn
8497,drilling
8504,car_horn
8505,street_music
8506,street_music
8509,siren
8516,drilling
8517,car_horn
8521,siren
8525,air_conditioner
8528,dog_bark
8529,dog_bark
8530,dog_bark
8532,street_music
8533,air_conditioner
8537,jackhammer
8541,jackhammer
8545,engine_idling
8548,drilling
8549,car_horn
8550,engine_idling
8551,air_conditioner
8554,car_horn
8555,jackhammer
8556,gun_shot
8557,air_conditioner
8559,drilling
8561,street_music
8563,dog_bark
8566,car_horn
8567,air_conditioner
8572,drilling
8573,air_conditioner
8574,engine_idling
8576,children_playing
8577,street_music
8583,engine_idling
8585,drilling
8591,drilling
8592,siren
8593,street_music
8600,engine_idling
8601,siren
8602,siren
8606,street_music
8608,siren
8619,gun_shot
8622,children_playing
8623,air_conditioner
8629,drilling
8631,gun_shot
8633,air_conditioner
8634,gun_shot
8638,siren
8642,drilling
8645,street_music
8647,jackhammer
8648,car_horn
8652,siren
8655,engine_idling
8661,engine_idling
8662,dog_bark
8668,street_music
8669,siren
8671,engine_idling
8672,air_conditioner
8674,dog_bark
8680,jackhammer
8683,air_conditioner
8686,street_music
8687,street_music
8688,engine_idling
8689,children_playing
8692,siren
8696,air_conditioner
8697,car_horn
8698,car_horn
8700,air_conditioner
8702,jackhammer
8708,drilling
8718,gun_shot
8719,drilling
8730,drilling
8731,siren
